MedInc,HouseAge,AveRooms,AveBedrms,Population,AveOccup,Latitude,Longitude,target,prediction
6.887,37.0,5.915094339622642,0.8962264150943396,259.0,2.443396226415094,33.77,-118.32,5.00001,4.370157418252035
4.3625,13.0,6.970731707317073,1.0195121951219512,702.0,3.424390243902439,36.93,-119.87,1.118,2.963933133768958
5.5951,30.0,5.920567375886525,1.04822695035461,1818.0,2.578723404255319,37.91,-122.52,4.029,-3.1219528980783746
1.725,52.0,5.096234309623431,1.1317991631799162,1015.0,2.1234309623430963,37.84,-122.27,1.139,3.2396617509806616
6.5635,10.0,6.982708933717579,1.0259365994236311,1213.0,3.495677233429394,33.9,-117.96,3.469,10.000511862612031
4.125,30.0,4.7178362573099415,1.0716374269005848,1260.0,1.8421052631578947,37.89,-122.12,2.571,2.5743251526097817
1.2891,18.0,4.12289156626506,0.9228915662650602,1474.0,3.5518072289156626,34.16,-118.15,1.813,-1.8226711550229926
4.55,28.0,6.037356321839081,0.9683908045977012,1061.0,3.0488505747126435,33.92,-117.5,1.468,8.555745770666158
5.1155,34.0,5.43213728549142,0.9578783151326054,2227.0,3.4742589703588145,33.81,-118.02,2.009,9.787484811716453
2.8155,27.0,4.257352941176471,1.0275735294117647,2012.0,3.698529411764706,33.99,-118.12,1.768,-3.5599764040857655
3.0469,40.0,4.299086757990867,0.906392694063927,1411.0,3.221461187214612,37.71,-122.4,2.38,3.705316564487123
2.2083,23.0,7.781456953642384,3.0993377483443707,355.0,2.3509933774834435,34.21,-116.22,0.425,0.30295766977981653
6.1648,35.0,5.850574712643678,0.971264367816092,484.0,2.781609195402299,37.25,-121.96,3.719,-4.247987913246956
1.5429,42.0,5.258215962441315,1.1971830985915493,677.0,3.1784037558685445,35.33,-119.01,0.394,2.5406016582150057
4.2917,17.0,6.222493887530562,1.0464547677261613,3096.0,2.5232273838630808,38.88,-121.06,1.843,-2.2238787204813626
3.2625,18.0,6.151943462897527,2.127208480565371,508.0,1.795053003533569,32.79,-117.24,1.938,4.7405255542846145
5.0871,7.0,6.401388888888889,1.0291666666666666,1660.0,2.305555555555556,36.81,-121.36,2.905,4.5251970382424735
2.5488,30.0,3.773170731707317,1.0634146341463415,1700.0,4.146341463414634,34.06,-118.11,1.875,-0.19414270345225626
3.5893,25.0,5.7695852534562215,0.9539170506912442,587.0,2.705069124423963,38.68,-121.32,1.464,2.3036602108914934
6.0777,35.0,5.918681318681319,1.0835164835164834,1343.0,2.951648351648352,37.36,-122.06,3.275,5.09257723150966
1.64,25.0,3.911971830985916,1.1161971830985915,1025.0,1.8045774647887325,32.75,-117.12,1.3,3.462220039466237
2.3049,25.0,3.641843971631206,1.0797872340425532,2271.0,4.026595744680851,34.06,-117.7,1.5,-2.778508198504965
1.4911,18.0,6.215859030837004,1.4537444933920705,494.0,2.176211453744493,40.75,-122.31,0.758,-3.59006620541306
5.0507,14.0,6.656790123456791,1.0135802469135802,2350.0,2.9012345679012346,33.38,-117.2,2.915,5.214475751905479
3.415,52.0,4.627639155470249,1.0095969289827256,2165.0,4.155470249520153,33.74,-117.87,1.725,5.3917107128688215
4.7703,52.0,5.070904645476773,0.980440097799511,1136.0,2.7775061124694376,37.75,-122.48,3.31,10.692063851849513
3.7891,10.0,3.750556792873051,1.1469933184855234,902.0,2.0089086859688194,33.16,-117.35,2.063,5.179716525433946
3.7891,33.0,5.917525773195877,1.063573883161512,1884.0,3.237113402061856,32.73,-117.06,1.267,-1.4917488260508827
3.6817,21.0,5.70911214953271,1.0379672897196262,4674.0,2.730140186915888,38.59,-121.32,1.361,-1.8727529479675782
1.4866,39.0,4.202846975088968,1.103202846975089,901.0,3.206405693950178,37.78,-122.44,2.375,7.620663346063131
6.887,37.0,5.915094339622642,0.8962264150943396,259.0,2.443396226415094,33.77,-118.32,5.00001,18.37445582978985
4.3625,13.0,6.970731707317073,1.0195121951219512,702.0,3.424390243902439,36.93,-119.87,1.118,10.401720282019618
5.5951,30.0,5.920567375886525,1.04822695035461,1818.0,2.578723404255319,37.91,-122.52,4.029,1.5657491039321665
1.725,52.0,5.096234309623431,1.1317991631799162,1015.0,2.1234309623430963,37.84,-122.27,1.139,-5.901157422824792
6.5635,10.0,6.982708933717579,1.0259365994236311,1213.0,3.495677233429394,33.9,-117.96,3.469,3.210380061329364
4.125,30.0,4.7178362573099415,1.0716374269005848,1260.0,1.8421052631578947,37.89,-122.12,2.571,3.345184008700289
1.2891,18.0,4.12289156626506,0.9228915662650602,1474.0,3.5518072289156626,34.16,-118.15,1.813,-5.390458323259447
4.55,28.0,6.037356321839081,0.9683908045977012,1061.0,3.0488505747126435,33.92,-117.5,1.468,4.157026346017876
5.1155,34.0,5.43213728549142,0.9578783151326054,2227.0,3.4742589703588145,33.81,-118.02,2.009,-3.5717263250978597
2.8155,27.0,4.257352941176471,1.0275735294117647,2012.0,3.698529411764706,33.99,-118.12,1.768,-0.9115585242613496
3.0469,40.0,4.299086757990867,0.906392694063927,1411.0,3.221461187214612,37.71,-122.4,2.38,-2.4167214862838726
2.2083,23.0,7.781456953642384,3.0993377483443707,355.0,2.3509933774834435,34.21,-116.22,0.425,0.285842085057204
6.1648,35.0,5.850574712643678,0.971264367816092,484.0,2.781609195402299,37.25,-121.96,3.719,3.915704774451803
1.5429,42.0,5.258215962441315,1.1971830985915493,677.0,3.1784037558685445,35.33,-119.01,0.394,-5.458690285806124
4.2917,17.0,6.222493887530562,1.0464547677261613,3096.0,2.5232273838630808,38.88,-121.06,1.843,4.449879647596295
3.2625,18.0,6.151943462897527,2.127208480565371,508.0,1.795053003533569,32.79,-117.24,1.938,-2.4935756801392577
5.0871,7.0,6.401388888888889,1.0291666666666666,1660.0,2.305555555555556,36.81,-121.36,2.905,-3.151465711825899
2.5488,30.0,3.773170731707317,1.0634146341463415,1700.0,4.146341463414634,34.06,-118.11,1.875,0.4762921266281792
3.5893,25.0,5.7695852534562215,0.9539170506912442,587.0,2.705069124423963,38.68,-121.32,1.464,-3.778291091073098
6.0777,35.0,5.918681318681319,1.0835164835164834,1343.0,2.951648351648352,37.36,-122.06,3.275,-6.575027684930669
6.887,37.0,5.915094339622642,0.8962264150943396,259.0,2.443396226415094,33.77,-118.32,5.00001,12.192743667143771
4.3625,13.0,6.970731707317073,1.0195121951219512,702.0,3.424390243902439,36.93,-119.87,1.118,-1.261511260798476
5.5951,30.0,5.920567375886525,1.04822695035461,1818.0,2.578723404255319,37.91,-122.52,4.029,1.1622512714543791
1.725,52.0,5.096234309623431,1.1317991631799162,1015.0,2.1234309623430963,37.84,-122.27,1.139,0.8665673081704479
6.5635,10.0,6.982708933717579,1.0259365994236311,1213.0,3.495677233429394,33.9,-117.96,3.469,-2.5407415857681417
4.125,30.0,4.7178362573099415,1.0716374269005848,1260.0,1.8421052631578947,37.89,-122.12,2.571,-0.1985876466956422
1.2891,18.0,4.12289156626506,0.9228915662650602,1474.0,3.5518072289156626,34.16,-118.15,1.813,6.427148532732192
4.55,28.0,6.037356321839081,0.9683908045977012,1061.0,3.0488505747126435,33.92,-117.5,1.468,4.3373492243572205
5.1155,34.0,5.43213728549142,0.9578783151326054,2227.0,3.4742589703588145,33.81,-118.02,2.009,9.09846469098672
2.8155,27.0,4.257352941176471,1.0275735294117647,2012.0,3.698529411764706,33.99,-118.12,1.768,5.839049691257226
