MedInc,HouseAge,AveRooms,AveBedrms,Population,AveOccup,Latitude,Longitude,MedHouseVal
8.8386,35.0,6.680965147453083,1.096514745308311,812.0,2.176943699731904,37.88,-122.46,5.00001
2.5446,13.0,4.118918918918919,0.9891891891891892,994.0,2.6864864864864866,36.81,-119.69,0.938
4.0708,28.0,4.6428134556574925,1.0458715596330277,3420.0,2.091743119266055,33.82,-118.35,3.289
2.3977,11.0,5.483333333333333,1.0916666666666666,376.0,3.1333333333333333,33.97,-116.86,0.58
2.4896,26.0,4.529190207156309,1.0621468926553672,680.0,1.28060263653484,37.87,-122.08,0.734
3.5104,30.0,3.3766937669376693,1.010840108401084,1990.0,5.392953929539296,34.26,-118.43,1.409
3.0329,30.0,3.501905972045744,1.0902160101651843,1806.0,2.2947903430749683,33.89,-118.3,2.078
2.25,25.0,4.137404580152672,1.2290076335877862,442.0,3.3740458015267176,34.04,-118.37,3.333
1.8015,26.0,3.5408163265306123,1.0433673469387754,515.0,1.3137755102040816,33.77,-118.09,0.62
3.3966,20.0,5.375,1.0416666666666667,1785.0,3.914473684210526,33.98,-117.48,1.15
2.6488,21.0,5.837378640776699,1.1553398058252426,1197.0,2.905339805825242,40.5,-122.28,0.831
3.5214,35.0,5.024570024570025,1.1056511056511056,1166.0,2.864864864864865,34.25,-118.28,1.976
2.5677,16.0,4.326133909287257,1.1511879049676026,5110.0,3.678905687544997,34.07,-117.62,1.289
3.4167,44.0,5.068376068376068,0.9615384615384616,687.0,2.935897435897436,37.49,-120.79,1.607
5.614,15.0,5.854736842105263,1.048421052631579,1389.0,2.9242105263157896,37.35,-121.8,2.233
2.2449,30.0,7.508038585209003,1.167202572347267,1214.0,3.9035369774919615,34.13,-117.33,0.932
2.3523,34.0,3.697802197802198,0.9505494505494504,539.0,2.9615384615384617,36.86,-120.45,0.66
6.0857,5.0,6.208558371416701,1.0344827586206895,6600.0,2.7420024927295388,32.93,-117.08,3.083
4.1771,44.0,4.920720720720721,1.0396396396396397,1396.0,2.5153153153153154,33.84,-118.19,2.191
4.0905,18.0,5.401213755900202,1.0377612946729602,3982.0,2.685097774780849,34.27,-119.17,2.365
2.3804,40.0,3.872023809523809,1.0178571428571428,954.0,2.8392857142857144,33.86,-118.17,1.58
1.9018,39.0,4.127906976744186,1.2005813953488371,1911.0,2.7776162790697674,34.03,-118.33,1.375
2.6397,23.0,4.098550724637681,1.0579710144927537,889.0,2.576811594202898,34.39,-119.52,2.5
3.2083,34.0,5.471264367816092,1.0632183908045978,1627.0,3.1168582375478926,32.78,-115.56,0.762
4.1405,5.0,5.956695156695156,1.1205128205128203,9690.0,2.7606837606837606,33.23,-117.27,1.985
5.5461,36.0,6.224137931034483,1.1896551724137931,158.0,2.7241379310344827,37.71,-122.19,2.625
4.3036,52.0,5.763333333333334,1.0633333333333332,890.0,2.966666666666667,37.72,-122.45,2.618
2.8807,17.0,5.724288840262582,1.0765864332603938,1158.0,2.533916849015317,38.73,-120.84,1.426
2.2368,7.0,4.43313373253493,1.093812375249501,1440.0,2.874251497005988,33.37,-117.26,1.546
6.0704,26.0,7.359090909090909,1.018181818181818,706.0,3.209090909090909,37.94,-122.01,2.68
3.4426,22.0,5.794594594594595,1.0162162162162165,1200.0,3.2432432432432434,39.15,-121.66,1.024
4.9097,17.0,5.365853658536586,1.048780487804878,431.0,3.5040650406504064,37.28,-121.76,2.41
1.7292,43.0,3.853535353535354,1.106060606060606,851.0,4.297979797979798,34.06,-117.64,0.792
5.2124,9.0,5.329931972789115,1.0170068027210883,675.0,2.295918367346939,33.67,-117.81,1.996
4.5,14.0,5.227043390514631,1.060544904137235,1639.0,1.6538849646821392,33.03,-117.05,2.222
6.3639,10.0,6.658385093167702,1.0890269151138716,1539.0,3.186335403726708,35.41,-118.94,1.43
3.506,24.0,4.533333333333333,1.0215384615384615,2981.0,3.057435897435897,37.24,-121.88,2.264
1.6452,32.0,4.324705882352941,1.0376470588235294,1628.0,3.8305882352941176,36.06,-119.14,0.415
5.3644,36.0,6.305220883534137,1.1004016064257027,992.0,3.983935742971888,37.63,-122.09,1.688
3.9545,26.0,5.877729257641922,1.027656477438137,2065.0,3.005822416302766,32.75,-117.01,1.781
4.7109,32.0,4.508393285371703,1.0431654676258992,798.0,1.9136690647482013,34.05,-118.44,5.0
2.3482,26.0,20.33668341708543,3.527638190954774,571.0,2.869346733668342,37.34,-119.53,1.795
8.105,23.0,6.51685393258427,0.9325842696629212,467.0,2.6235955056179776,34.08,-117.85,3.862
2.02,42.0,2.9311531841652325,1.008605851979346,2490.0,4.285714285714286,34.05,-118.2,1.472
2.5737,46.0,5.528795811518324,1.219895287958115,1249.0,3.269633507853403,38.02,-121.88,0.87
2.0134,35.0,3.81728045325779,1.0594900849858355,2935.0,4.157223796033994,33.91,-118.19,1.324
4.4219,34.0,5.850220264317181,1.0748898678414096,795.0,3.502202643171806,34.4,-118.98,3.381
5.1097,29.0,5.55510752688172,1.0349462365591398,1691.0,2.2728494623655915,37.9,-122.08,2.88
7.1572,25.0,7.705882352941177,1.0341555977229602,1623.0,3.079696394686907,33.76,-118.04,2.949
2.8167,52.0,4.145985401459854,1.0170316301703164,1336.0,3.2506082725060828,37.35,-121.88,1.835
4.3365,15.0,5.02027027027027,1.0472972972972974,455.0,1.537162162162162,37.29,-121.75,2.21
4.8889,18.0,5.860894941634241,1.0330739299610896,3360.0,3.268482490272373,34.11,-117.6,1.557
4.8958,30.0,6.594202898550725,1.0144927536231885,220.0,3.188405797101449,37.62,-120.87,1.425
8.1548,52.0,7.868421052631579,1.2105263157894737,459.0,2.4157894736842107,32.75,-117.19,5.00001
3.6343,28.0,6.861003861003861,1.1853281853281854,721.0,2.783783783783784,34.96,-117.08,0.798
4.4777,16.0,4.434782608695652,0.9335038363171356,962.0,2.4603580562659846,34.43,-119.88,2.825
2.9417,39.0,4.0817843866171,1.0817843866171004,1165.0,2.1654275092936803,34.1,-118.29,2.542
2.8542,37.0,5.253731343283582,0.9701492537313432,238.0,3.5522388059701493,38.84,-121.81,2.75
2.5089,52.0,4.989730423620026,1.030808729139923,1768.0,2.269576379974326,37.65,-121.0,1.19
4.0147,34.0,6.024691358024692,1.0599647266313934,1929.0,3.4021164021164023,34.58,-118.07,1.074
1.1346,17.0,1.8680738786279685,1.02726473175022,3915.0,3.4432717678100264,34.06,-118.27,1.375
1.9867,33.0,4.215517241379311,1.0301724137931034,1472.0,3.1724137931034484,34.01,-118.12,1.663
2.1518,43.0,3.728125,0.934375,1184.0,3.7,34.23,-118.39,1.616
6.6813,13.0,6.140206185567011,1.041237113402062,1794.0,3.6989690721649486,37.33,-121.79,2.778
10.7958,25.0,7.950089126559715,0.9857397504456328,1608.0,2.8663101604278074,37.27,-122.03,5.00001
1.8529,52.0,4.8808777429467085,1.078369905956113,758.0,2.376175548589342,40.8,-124.17,0.625
5.0081,39.0,5.013745704467354,0.979381443298969,761.0,2.6151202749140894,37.54,-122.29,2.981
2.5417,49.0,4.956521739130435,1.0507246376811594,924.0,2.231884057971014,37.86,-122.27,1.827
3.825,34.0,5.036764705882353,1.0980392156862746,1134.0,2.7794117647058822,33.91,-118.35,2.354
5.806,16.0,6.872516556291391,1.054635761589404,1558.0,2.5794701986754967,33.85,-117.8,3.049
3.2228,28.0,3.58004158004158,1.1143451143451144,1161.0,2.413721413721414,34.03,-118.39,2.325
4.2596,36.0,5.368715083798882,0.9664804469273744,625.0,3.4916201117318435,33.91,-118.31,1.811
4.1298,19.0,5.774336283185841,1.0486725663716814,1290.0,2.853982300884956,37.77,-121.37,2.228
1.8875,34.0,4.247126436781609,1.0603448275862069,1735.0,4.985632183908046,34.02,-118.19,1.367
5.2542,26.0,5.6066666666666665,0.9711111111111111,1377.0,3.06,33.81,-118.05,2.346
8.735,10.0,6.343373493975903,0.960843373493976,1002.0,3.0180722891566263,33.68,-117.79,3.753
2.2768,14.0,5.132553606237817,1.0331384015594542,1324.0,2.580896686159844,40.46,-122.27,0.786
4.6327,34.0,5.552816901408451,0.9577464788732394,880.0,3.0985915492957745,33.93,-117.44,1.16
2.575,39.0,3.591203104786546,1.0866752910737387,2546.0,3.2936610608020698,34.16,-118.14,1.535
4.375,28.0,6.656742556917688,1.0893169877408055,1654.0,2.896672504378284,37.99,-122.28,1.933
1.2096,49.0,4.397058823529412,1.3235294117647058,287.0,4.220588235294118,34.03,-118.26,1.0
2.3568,5.0,3.47911227154047,1.2454308093994777,1733.0,2.2624020887728458,34.09,-118.34,2.047
3.7321,33.0,5.616438356164384,1.0136986301369864,2580.0,3.5342465753424657,34.07,-117.72,1.342
3.15,14.0,6.364341085271318,1.317829457364341,477.0,3.697674418604651,40.69,-121.83,0.875
4.0368,52.0,4.761658031088083,1.1036269430051813,413.0,2.139896373056995,37.85,-122.25,2.697
2.2788,46.0,4.490054249547921,1.061482820976492,2121.0,3.835443037974684,34.1,-118.23,1.529
4.7056,20.0,5.904137931034483,0.973103448275862,4861.0,3.352413793103448,34.03,-117.67,1.655
3.5861,38.0,5.127625201938611,0.9789983844911146,1557.0,2.515347334410339,32.73,-117.03,1.236
4.8088,19.0,6.297087378640777,1.0601941747572816,1334.0,2.5902912621359224,38.66,-121.23,1.695
2.7222,24.0,5.212795549374131,1.070931849791377,1827.0,2.541029207232267,36.8,-119.77,0.831
3.0962,36.0,4.746421267893661,0.9304703476482618,1168.0,2.388548057259713,39.15,-121.62,0.74
3.5865,37.0,5.167539267015707,0.9790575916230366,551.0,2.884816753926702,33.94,-117.4,1.12
1.7656,42.0,4.144702842377261,1.0310077519379846,1581.0,4.0852713178294575,33.96,-118.28,0.967
8.4704,52.0,7.012345679012346,0.9300411522633744,671.0,2.7613168724279835,37.58,-122.38,5.00001
2.3241,42.0,5.111436950146628,1.1378299120234605,889.0,2.607038123167156,38.11,-122.24,0.992
4.1429,52.0,5.377155172413793,1.0581896551724137,1058.0,2.280172413793104,37.88,-122.28,2.596
3.0042,18.0,5.201453790238837,1.150571131879543,2948.0,3.0612668743509865,34.06,-117.25,1.065
5.32,16.0,6.186153846153847,1.0784615384615384,1488.0,2.289230769230769,33.8,-118.01,2.195
2.4375,20.0,4.79074074074074,1.012962962962963,1534.0,2.840740740740741,36.93,-121.77,1.904
3.0057,35.0,4.095307917888563,1.0058651026392962,2255.0,3.306451612903226,33.79,-118.3,2.353
12.0088,16.0,6.006711409395973,1.2147651006711409,237.0,1.5906040268456376,33.96,-118.48,5.00001
1.5615,38.0,4.282918149466192,1.1209964412811388,1774.0,3.1565836298932384,33.94,-118.29,1.086
4.2875,36.0,4.297520661157025,0.9400826446280992,1939.0,4.006198347107438,34.21,-118.37,1.766
1.24,24.0,2.967984934086629,1.0922787193973635,1630.0,3.0696798493408664,34.41,-119.86,3.25
10.3591,33.0,7.6369426751592355,1.0095541401273886,832.0,2.64968152866242,37.35,-122.08,5.00001
3.2149,22.0,3.686274509803922,1.1495098039215683,1224.0,1.5,34.08,-118.37,3.0
7.2812,34.0,7.135652173913043,1.031304347826087,3141.0,2.7313043478260868,34.22,-118.27,4.622
5.0258,32.0,5.44935064935065,0.9818181818181818,1036.0,2.690909090909091,33.94,-118.11,2.554
2.4348,34.0,4.911290322580645,1.1491935483870968,797.0,3.213709677419355,34.74,-118.09,1.048
3.4167,31.0,7.023255813953488,1.131782945736434,383.0,2.9689922480620154,37.67,-121.06,1.969
3.3304,20.0,4.425790754257908,1.0559610705596107,2326.0,2.829683698296837,33.87,-118.13,1.946
2.5272,5.0,6.080049261083744,1.4027093596059113,2204.0,2.7142857142857144,34.1,-117.41,0.92
0.9142,52.0,2.0153452685421995,1.184143222506394,805.0,2.0588235294117645,32.72,-117.16,1.625
1.5774,31.0,5.391379310344828,1.1448275862068966,1345.0,2.3189655172413794,40.14,-120.94,0.58
3.5521,35.0,4.82532751091703,1.0829694323144106,2425.0,3.529839883551674,33.84,-117.89,1.828
7.9606,34.0,6.504545454545455,1.018181818181818,503.0,2.286363636363636,37.9,-122.55,4.534
3.2481,34.0,5.528225806451613,0.9899193548387096,1761.0,3.5504032258064515,34.08,-117.72,1.288
3.59,34.0,4.257731958762887,1.0549828178694158,869.0,2.986254295532646,33.87,-117.99,1.619
15.0001,40.0,9.80232558139535,1.1356589147286822,831.0,3.2209302325581395,37.46,-122.18,5.00001
2.6567,20.0,5.295867768595041,1.033057851239669,2016.0,3.332231404958678,37.68,-121.03,1.104
4.1307,36.0,5.486725663716814,1.0737463126843658,777.0,2.2920353982300883,38.4,-122.5,2.957
7.652,36.0,6.392572944297083,0.9575596816976129,934.0,2.477453580901857,37.43,-122.24,5.00001
4.54,23.0,5.347878787878788,1.103030303030303,2380.0,2.8848484848484848,33.84,-118.09,2.131
5.5337,52.0,5.188940092165899,0.8940092165898618,1033.0,2.380184331797235,37.77,-122.27,3.72
2.8854,42.0,5.103092783505154,1.1958762886597938,284.0,2.927835051546392,37.99,-121.28,0.557
2.3175,26.0,3.813606194690265,1.0381637168141593,8551.0,4.729535398230088,33.97,-118.18,1.545
4.9079,26.0,6.153452685421995,1.051150895140665,1313.0,3.3580562659846547,34.26,-119.21,2.341
3.6333,30.0,5.431578947368421,0.9473684210526316,288.0,3.031578947368421,36.79,-121.32,2.025
2.2883,33.0,3.9787472035794185,1.0,2659.0,2.9742729306487696,38.14,-121.27,0.869
0.9011,50.0,6.229508196721311,1.5573770491803278,377.0,3.0901639344262297,37.81,-122.29,0.861
2.8882,32.0,4.6103896103896105,1.0064935064935066,550.0,3.571428571428572,38.72,-121.71,1.514
2.3967,38.0,4.278728606356968,1.0048899755501222,1398.0,3.4180929095354524,34.19,-118.15,1.631
2.1295,15.0,5.127604166666667,1.02734375,3500.0,4.557291666666667,35.76,-119.29,0.598
2.2262,4.0,4.012165450121654,1.1094890510948905,1030.0,2.506082725060827,33.65,-117.84,2.25
1.9107,13.0,6.631284916201118,1.4245810055865922,442.0,2.46927374301676,33.5,-116.69,1.557
2.875,44.0,6.08,1.3142857142857145,494.0,2.822857142857143,39.34,-122.05,0.615
5.084,44.0,5.678445229681979,0.9575971731448764,799.0,2.823321554770318,33.87,-118.14,2.141
4.2361,35.0,5.340974212034384,1.0229226361031518,1189.0,3.4068767908309456,37.68,-121.76,1.775
2.2679,39.0,3.240963855421686,1.0180722891566265,1242.0,3.740963855421687,34.08,-117.96,1.518
3.6797,21.0,4.233418367346939,1.042091836734694,3240.0,2.066326530612245,33.79,-118.32,2.711
8.847,14.0,8.093959731543624,0.953020134228188,572.0,3.838926174496644,33.81,-117.8,3.887
3.6415,15.0,7.491891891891892,1.335135135135135,703.0,3.8,34.01,-117.37,1.242
4.9803,29.0,5.33378196500673,1.0390309555854644,2104.0,2.831763122476447,33.83,-118.01,2.086
1.9688,37.0,4.017021276595744,1.0382978723404257,1107.0,4.7106382978723405,34.28,-118.44,1.441
2.4574,17.0,4.724271844660194,1.025242718446602,2371.0,2.3019417475728154,38.66,-121.37,1.033
3.8194,34.0,5.034129692832765,1.0887372013651877,698.0,2.3822525597269624,33.93,-117.94,1.86
4.3214,41.0,5.84,1.008,230.0,1.84,34.09,-118.39,5.00001
1.9439,26.0,5.768976897689769,1.141914191419142,891.0,2.9405940594059405,36.02,-119.08,0.621
2.2155,31.0,4.98469387755102,1.217687074829932,1969.0,3.348639455782313,35.35,-119.0,0.621
3.3214,52.0,4.825,1.11875,409.0,2.55625,37.77,-122.23,1.896
3.512,18.0,5.081601231716705,1.073903002309469,3562.0,2.742109314857583,36.71,-121.77,1.748
5.4364,34.0,5.456834532374101,1.0035971223021585,2208.0,2.647482014388489,37.61,-122.47,2.793
2.5197,34.0,5.1861702127659575,1.0824468085106382,1029.0,2.7367021276595747,40.14,-122.12,0.823
1.9417,32.0,7.647058823529412,2.2406417112299466,434.0,2.320855614973262,40.28,-124.25,0.761
2.6493,17.0,3.13215859030837,1.118942731277533,327.0,1.4405286343612336,32.76,-117.18,0.675
1.5122,19.0,3.948186528497409,1.160621761658031,960.0,2.4870466321243523,36.79,-119.79,0.475
3.9615,37.0,4.879213483146067,1.0365168539325842,1061.0,2.980337078651685,34.23,-118.43,1.737
3.3125,26.0,5.283168316831683,1.00990099009901,1437.0,2.8455445544554454,39.07,-121.7,1.0
2.2443,39.0,3.0448717948717947,0.9615384615384616,1366.0,4.378205128205129,34.35,-119.05,1.466
4.4519,32.0,5.78714859437751,1.0481927710843373,629.0,2.5261044176706826,38.37,-121.45,1.375
3.038,12.0,5.912820512820513,1.358974358974359,446.0,2.287179487179487,33.57,-116.87,1.281
2.9375,44.0,4.532846715328467,0.9854014598540146,811.0,2.95985401459854,33.98,-118.3,0.952
2.6065,18.0,5.534883720930233,0.9767441860465116,859.0,2.8538205980066444,36.29,-119.11,0.938
5.5842,13.0,5.039426523297491,0.931899641577061,737.0,2.6415770609319,33.08,-116.77,2.391
1.4766,36.0,4.164383561643835,0.9863013698630136,842.0,3.8447488584474887,36.76,-119.74,0.528
4.0484,11.0,5.934179222839017,1.0118953211736716,3516.0,2.788263283108644,33.09,-117.06,2.625
4.221,11.0,6.640410958904109,1.0022831050228311,2538.0,2.8972602739726026,38.36,-122.7,2.271
6.8787,38.0,6.12520325203252,0.9804878048780488,1455.0,2.365853658536585,37.52,-122.29,3.868
5.7057,27.0,6.937007874015748,1.0971128608923884,1344.0,3.52755905511811,34.01,-117.98,2.621
2.875,35.0,4.582901554404145,1.1295336787564767,1166.0,3.0207253886010363,33.87,-118.19,1.783
3.6583,13.0,6.309711286089239,1.1128608923884515,2568.0,3.37007874015748,38.52,-122.85,1.832
2.895,18.0,4.30958904109589,1.084931506849315,1200.0,3.287671232876712,33.91,-118.08,1.469
2.125,37.0,3.657492354740061,1.1131498470948011,1622.0,4.960244648318043,33.98,-118.24,1.089
4.2391,5.0,5.123809523809523,0.9333333333333332,8733.0,83.17142857142858,34.47,-118.59,1.546
3.7454,33.0,5.139689578713969,1.0288248337028825,1904.0,4.221729490022173,34.02,-117.74,1.164
2.1625,18.0,5.488135593220339,1.172881355932203,904.0,3.064406779661017,39.42,-123.35,0.772
5.2536,13.0,6.35064935064935,0.9567099567099568,688.0,2.9783549783549783,38.97,-121.09,1.919
5.7524,52.0,5.794466403162056,1.0039525691699605,600.0,2.3715415019762847,34.08,-118.37,3.936
4.3162,26.0,5.6938775510204085,0.961038961038961,1524.0,2.8274582560296846,34.7,-120.48,1.364
2.07,30.0,3.132416165090284,1.0292347377472055,4336.0,3.7282889079965607,34.1,-118.2,1.545
2.35,15.0,6.337175792507205,1.3054755043227666,899.0,2.590778097982709,37.7,-118.45,1.078
4.6028,18.0,6.31630648330059,1.1552062868369353,1618.0,3.178781925343811,32.99,-117.09,2.168
3.5775,33.0,5.767857142857143,1.0482142857142858,1579.0,2.819642857142857,37.68,-121.01,1.097
6.3331,37.0,6.521994134897361,0.9706744868035192,821.0,2.407624633431085,32.73,-117.25,4.0
3.625,33.0,10.909090909090908,2.227272727272727,63.0,2.863636363636364,40.63,-120.35,2.0
7.5,31.0,7.611650485436893,1.046116504854369,1190.0,2.888349514563106,37.29,-122.01,5.00001
3.5167,46.0,5.850340136054422,0.8843537414965986,496.0,3.3741496598639458,37.4,-120.69,1.375
3.4331,11.0,5.1552878179384205,1.1941097724230254,1847.0,2.4725568942436413,38.68,-121.8,1.206
1.7622,34.0,3.843478260869565,1.0367149758454106,2725.0,2.632850241545894,34.02,-118.35,1.679
3.6583,37.0,3.625,0.9679054054054054,2009.0,3.393581081081081,33.96,-118.36,1.773
2.1348,52.0,4.734328358208956,1.1880597014925374,1006.0,3.002985074626866,37.8,-122.24,1.406
5.4236,35.0,5.468671679197995,0.9774436090225564,1248.0,3.1278195488721803,33.91,-118.02,2.167
1.8606,32.0,4.717703349282297,1.0685805422647527,1504.0,2.398724082934609,36.34,-119.64,0.567
6.7805,27.0,7.913934426229508,1.069672131147541,736.0,3.0163934426229506,34.19,-118.86,3.929
4.5833,27.0,6.080321285140562,0.9759036144578314,1284.0,2.5783132530120483,37.28,-121.92,3.088
5.2327,34.0,4.731182795698925,0.967741935483871,217.0,2.333333333333333,37.35,-121.74,5.00001
6.6122,4.0,7.568645219755324,1.2251925690983234,6187.0,2.803352967829633,34.18,-118.75,3.576
4.4233,14.0,5.191993464052287,1.044934640522876,3704.0,3.026143790849673,37.02,-121.59,2.286
2.5,49.0,4.306603773584905,1.0613207547169812,1201.0,2.832547169811321,37.79,-122.22,1.367
4.0227,19.0,5.950184501845018,1.011070110701107,1760.0,3.2472324723247232,36.77,-119.58,1.265
3.6111,24.0,4.550295857988166,1.0059171597633136,842.0,1.660749506903353,37.5,-122.26,3.415
1.8942,45.0,4.861111111111111,0.9166666666666666,225.0,3.125,38.17,-122.23,2.167
1.6563,37.0,4.2823315118397085,1.0273224043715847,1591.0,2.8979963570127505,37.96,-121.23,0.572
4.4444,16.0,6.255555555555556,0.9407407407407408,921.0,3.411111111111111,38.35,-122.69,1.918
4.6583,30.0,5.2742759795570695,1.06984667802385,1676.0,2.8551959114139693,33.93,-118.15,2.073
2.1696,16.0,4.834920634920635,0.9777777777777776,477.0,1.5142857142857142,38.27,-122.66,0.75
2.5865,42.0,4.952586206896552,1.137931034482759,703.0,3.030172413793104,36.96,-122.04,2.064
6.8322,52.0,7.320121951219512,1.054878048780488,812.0,2.475609756097561,37.73,-122.46,3.941
1.1419,35.0,4.38337182448037,1.1108545034642032,1123.0,2.593533487297921,36.32,-119.29,0.629
3.8839,44.0,5.299813780260708,1.0260707635009312,1232.0,2.2942271880819365,37.9,-122.53,3.272
5.0234,37.0,5.774941995359629,1.0533642691415313,1215.0,2.8190255220417635,34.25,-118.27,2.576
4.5217,23.0,5.1867612293144205,1.0212765957446808,2526.0,2.98581560283688,33.84,-117.84,2.194
1.7031,16.0,3.500770416024653,0.9691833590138677,1689.0,2.6024653312788906,35.29,-120.66,1.95
4.0125,28.0,5.154676258992806,0.9712230215827338,1001.0,3.6007194244604315,34.97,-120.43,1.301
3.4327,24.0,5.015151515151516,1.0113636363636365,687.0,2.602272727272727,33.77,-118.0,1.928
2.761,42.0,3.1387900355871885,1.0391459074733096,1248.0,4.441281138790036,34.03,-118.17,1.2
6.4266,5.0,6.730284479654303,1.030608570399712,9427.0,3.394670507742168,34.02,-117.79,3.156
2.125,22.0,6.856687898089172,1.4681528662420382,903.0,2.875796178343949,40.4,-122.76,1.232
3.6121,29.0,4.006960556844548,1.111368909512761,741.0,1.7192575406032482,34.0,-118.48,5.0
1.4028,46.0,4.047970479704797,1.0387453874538746,924.0,1.7047970479704797,36.76,-119.82,0.685
3.495,35.0,4.956521739130435,0.9525691699604744,729.0,2.8814229249011856,34.08,-117.64,1.18
14.4113,28.0,11.634686346863468,1.5092250922509225,569.0,2.099630996309964,36.57,-121.94,5.00001
3.3616,13.0,5.896240601503759,1.1338345864661654,1902.0,2.860150375939849,33.97,-116.52,0.896
1.7734,23.0,4.283783783783784,1.0585585585585586,806.0,3.630630630630631,36.3,-119.21,0.414
4.1042,36.0,5.4319809069212415,1.0238663484486874,1001.0,2.389021479713604,34.27,-118.51,2.521
4.5625,36.0,5.390344827586207,1.0096551724137932,1688.0,2.3282758620689656,34.16,-118.05,3.768
4.9167,16.0,4.558109833971903,1.0485312899106003,1505.0,1.922094508301405,34.13,-118.14,2.511
5.3292,52.0,5.029900332225914,1.043189368770764,724.0,2.4053156146179404,37.74,-122.43,3.009
4.504,28.0,6.362433862433862,1.2222222222222223,1011.0,2.6746031746031744,34.24,-118.7,2.043
3.212,33.0,5.684073107049608,1.0548302872062665,891.0,2.3263707571801566,38.0,-120.39,1.052
5.0092,17.0,6.117004680187208,1.0202808112324493,1895.0,2.9563182527301093,36.82,-121.66,2.387
3.2889,32.0,5.061085972850679,1.0509049773755657,2177.0,2.4626696832579187,38.0,-121.33,0.989
4.7361,22.0,6.08021978021978,1.0362637362637364,2474.0,2.718681318681319,37.7,-121.8,2.168
5.0866,32.0,6.195426195426196,1.027027027027027,1370.0,2.8482328482328483,33.76,-118.03,2.235
2.9459,32.0,4.656934306569343,1.051094890510949,2161.0,3.9434306569343054,34.12,-117.92,1.444
3.0324,28.0,5.066246056782334,1.0094637223974765,1158.0,3.652996845425867,36.22,-119.08,0.556
8.0239,49.0,5.669811320754717,0.8962264150943396,228.0,2.150943396226415,34.04,-118.41,5.00001
5.1775,35.0,5.875881523272215,1.005641748942172,2354.0,3.3201692524682653,33.84,-118.01,2.134
6.3794,35.0,6.827715355805244,1.0337078651685394,1409.0,2.6385767790262173,34.2,-118.21,5.00001
6.6137,26.0,7.25,1.0067567567567568,852.0,2.8783783783783785,33.78,-118.09,3.427
3.0217,9.0,5.006324110671937,1.0711462450592886,3265.0,2.58102766798419,37.69,-121.04,1.609
2.875,52.0,3.874213836477987,1.0041928721174005,921.0,1.930817610062893,37.77,-122.26,2.34
3.7014,32.0,4.957746478873239,1.0809859154929575,1331.0,4.686619718309859,33.82,-117.91,1.796
2.2027,32.0,3.2301255230125525,1.0711297071129706,1981.0,2.0721757322175733,33.88,-118.13,1.927
2.6324,35.0,4.173745173745174,1.027027027027027,691.0,2.667953667953668,32.79,-116.96,1.337
8.0839,16.0,7.421717171717172,0.9595959595959596,1177.0,2.9722222222222223,37.83,-121.99,3.72
2.4663,39.0,4.22020725388601,1.0958549222797926,804.0,2.082901554404145,36.6,-121.9,2.365
3.4875,31.0,5.199186991869919,0.9898373983739838,1938.0,3.9390243902439024,32.69,-117.08,1.17
3.6118,48.0,4.387323943661972,1.0352112676056338,697.0,2.454225352112676,37.35,-121.95,2.355
3.358,26.0,4.253475935828877,1.1229946524064172,1720.0,1.839572192513369,34.1,-118.35,3.645
1.8158,33.0,5.690721649484536,1.2371134020618555,347.0,3.577319587628866,34.75,-117.14,1.0
3.9632,25.0,4.56,1.0752941176470587,1280.0,3.011764705882353,34.18,-118.54,2.403
5.5756,41.0,4.542857142857143,0.9934065934065934,1282.0,2.817582417582418,34.2,-118.24,3.099
3.4812,52.0,4.520689655172414,1.0689655172413792,707.0,2.4379310344827587,34.06,-118.34,4.328
3.2386,13.0,3.537142857142857,1.0895238095238096,838.0,1.5961904761904762,33.7,-117.89,1.292
2.3403,23.0,4.973626373626374,1.0923076923076922,1138.0,2.501098901098901,39.77,-121.6,0.873
5.3705,5.0,6.646067415730337,1.1310861423220977,1571.0,2.941947565543072,33.45,-117.63,3.635
4.125,35.0,6.317204301075269,1.0268817204301075,568.0,3.053763440860215,33.85,-117.96,1.892
3.125,26.0,4.096774193548387,0.9496774193548388,2460.0,3.174193548387097,34.22,-119.19,2.199
3.3687,47.0,4.683333333333334,1.0777777777777775,800.0,4.444444444444445,34.28,-118.44,1.517
5.0424,45.0,5.540350877192982,0.975438596491228,687.0,2.4105263157894736,33.83,-118.12,2.259
4.8098,29.0,5.067484662576687,0.950920245398773,832.0,2.552147239263804,33.64,-117.91,3.254
2.6218,14.0,4.684076433121019,1.0993630573248407,2191.0,2.7910828025477707,36.31,-119.77,0.691
6.0705,30.0,6.627565982404692,1.0117302052785924,1182.0,3.466275659824047,33.81,-117.82,2.367
4.3333,43.0,4.726072607260726,1.0165016501650166,782.0,2.580858085808581,33.99,-118.44,3.039
5.4155,5.0,7.117942283563362,1.0727728983688831,2592.0,3.2521957340025094,33.01,-116.84,1.992
5.5622,43.0,5.93900481540931,1.0979133226324238,1488.0,2.388443017656501,37.73,-122.44,3.136
3.5664,19.0,5.030821917808219,0.9417808219178082,1010.0,3.458904109589041,32.68,-117.05,1.504
5.9345,23.0,7.287625418060201,1.0301003344481603,926.0,3.096989966555184,37.69,-121.91,2.596
2.3681,39.0,3.922459893048128,1.018716577540107,1404.0,3.7540106951871657,34.43,-119.67,2.414
1.7641,38.0,2.423212192262602,1.071512309495897,2717.0,3.1852286049237986,34.1,-118.3,2.5
2.4537,35.0,3.915841584158416,0.9678217821782178,1957.0,4.844059405940594,33.89,-118.25,0.915
4.125,32.0,4.668918918918919,1.0202702702702702,926.0,6.256756756756757,33.74,-117.86,1.759
6.516,32.0,7.515151515151516,1.0129870129870129,602.0,2.606060606060606,37.92,-122.29,4.01
3.0625,20.0,5.86,1.112,745.0,2.98,39.59,-121.9,0.938
3.3937,52.0,4.095724907063197,1.107806691449814,2280.0,2.1189591078066914,37.76,-122.42,2.7
3.3869,30.0,5.135384615384615,0.966153846153846,837.0,2.5753846153846154,36.55,-119.39,0.804
2.2409,29.0,3.918918918918919,1.052123552123552,1014.0,1.9575289575289576,32.76,-117.11,1.142
2.1776,46.0,3.97737556561086,1.1447963800904977,1010.0,4.570135746606335,34.01,-118.26,1.183
2.2794,42.0,5.0,0.9700374531835206,1548.0,2.898876404494382,38.67,-121.77,1.089
1.5872,38.0,4.610526315789474,1.1157894736842104,1080.0,3.789473684210526,33.94,-118.27,0.898
5.0049,25.0,4.319261213720317,1.0395778364116095,649.0,1.712401055408971,37.79,-122.43,4.6
5.4074,16.0,7.076923076923077,1.051282051282051,495.0,3.173076923076923,38.24,-122.03,1.577
2.6159,19.0,3.292091836734694,1.093112244897959,2004.0,2.556122448979592,34.21,-118.6,1.823
3.2073,20.0,4.76332899869961,1.0110533159947983,5718.0,3.717815344603381,34.01,-117.68,1.235
1.2617,15.0,5.311827956989247,1.211469534050179,1059.0,3.795698924731183,35.36,-118.98,0.427
3.7321,33.0,5.616438356164384,1.0136986301369864,2580.0,3.5342465753424657,34.07,-117.72,1.342
3.4667,16.0,5.855345911949685,0.9979035639412998,1279.0,2.6813417190775684,37.69,-120.97,1.609
4.7472,13.0,5.7862407862407865,1.031122031122031,3864.0,3.1646191646191646,38.19,-122.29,1.486
3.1583,49.0,4.855585831062671,1.0190735694822888,1010.0,2.752043596730245,34.08,-118.12,2.682
3.6417,52.0,4.587131367292225,1.03485254691689,885.0,2.3726541554959786,37.77,-122.24,2.063
2.7955,36.0,3.672972972972973,0.8567567567567568,1557.0,4.208108108108108,34.05,-118.03,1.575
6.7196,23.0,7.158045977011494,1.0057471264367817,863.0,2.4798850574712645,32.79,-117.04,3.068
2.79,41.0,4.067484662576687,1.051124744376278,1015.0,2.0756646216768915,32.75,-117.24,2.26
4.174,42.0,6.595317725752508,1.234113712374582,1374.0,2.297658862876254,36.57,-121.92,3.944
6.0948,52.0,7.795454545454546,1.077922077922078,810.0,2.6298701298701297,34.14,-118.11,3.587
5.033,36.0,5.332432432432433,0.9513513513513514,1169.0,3.1594594594594594,37.57,-122.3,2.709
2.5,23.0,5.724452554744525,1.145985401459854,1446.0,2.6386861313868613,36.32,-119.33,0.855
3.6591,36.0,5.2077393075356415,1.09979633401222,1556.0,3.169042769857434,34.22,-118.4,1.838
5.0483,35.0,4.985915492957746,1.019718309859155,1083.0,3.0507042253521126,34.2,-118.56,2.21
3.2437,44.0,4.996138996138996,1.0386100386100383,645.0,2.4903474903474905,36.96,-122.04,2.239
2.2377,27.0,3.3765822784810124,1.0232067510548524,3403.0,3.589662447257384,34.2,-118.42,2.317
3.3421,30.0,5.032119914346895,1.0107066381156318,945.0,2.02355460385439,34.08,-118.11,2.01
10.2666,24.0,8.063545150501673,1.0,847.0,2.8327759197324416,37.26,-122.02,5.00001
3.9667,27.0,5.793002915451895,1.0903790087463556,961.0,2.801749271137026,36.95,-122.04,2.658
12.3804,52.0,9.122715404699738,1.0339425587467364,1192.0,3.112271540469974,37.82,-122.23,5.00001
3.3281,7.0,5.010462074978204,1.13949433304272,2578.0,2.2476024411508284,34.15,-117.31,1.222
2.9438,18.0,4.97923197492163,1.052115987460815,7009.0,2.746473354231975,35.33,-119.05,0.872
2.6973,31.0,5.129985228951256,1.0664697193500738,2098.0,3.098966026587888,32.74,-117.01,1.352
3.755,40.0,3.876543209876543,1.0776014109347445,1023.0,1.804232804232804,34.01,-118.48,3.983
2.2042,33.0,3.492063492063492,1.0828924162257496,1057.0,1.8641975308641976,32.75,-117.24,2.313
4.3603,16.0,5.819371727748691,1.18848167539267,628.0,1.643979057591623,33.49,-117.65,2.488
4.825,45.0,5.426829268292683,0.8810975609756098,755.0,2.301829268292683,34.11,-118.13,3.511
2.8152,36.0,3.532286212914485,1.029668411867365,2028.0,3.5392670157068062,33.99,-118.08,1.639
2.7578,46.0,4.476190476190476,1.054421768707483,880.0,1.9954648526077097,33.98,-118.03,2.368
3.5435,52.0,4.021638330757342,1.1035548686244203,1330.0,2.05564142194745,37.77,-122.45,2.786
1.3952,41.0,4.459882583170255,1.0528375733855186,1908.0,3.733855185909981,36.06,-119.02,0.431
3.4318,31.0,5.199186991869919,1.0406504065040652,1164.0,2.365853658536585,32.83,-117.22,2.004
2.5795,42.0,3.933333333333333,1.1333333333333333,54.0,1.8,38.03,-122.14,2.25
4.3281,49.0,5.825622775800712,1.0818505338078293,729.0,2.5943060498220643,37.76,-122.49,3.231
3.375,46.0,5.24223602484472,0.9130434782608696,423.0,2.627329192546584,32.66,-117.09,1.363
5.112,29.0,6.3352826510721245,1.0155945419103314,1382.0,2.6939571150097468,34.06,-117.91,2.183
5.1506,20.0,6.201727328809377,1.0906847624922886,3083.0,1.9019123997532388,36.55,-121.87,3.875
2.1164,34.0,3.985882352941176,1.0705882352941176,1467.0,3.451764705882353,32.71,-117.14,1.394
4.8894,17.0,5.634460547504026,1.0,1911.0,3.077294685990338,34.11,-117.84,1.917
2.918,39.0,3.891737891737892,1.0446343779677112,2054.0,1.9506172839506173,34.0,-118.46,3.456
2.3787,21.0,4.565340909090909,1.0113636363636365,834.0,2.3693181818181817,38.29,-122.32,1.779
1.6731,41.0,4.036827195467422,1.0538243626062322,1803.0,5.1076487252124645,33.99,-118.24,0.882
1.9028,36.0,3.2948717948717947,0.9786324786324786,1711.0,3.655982905982906,33.96,-118.22,1.642
3.9963,33.0,5.671974522292993,1.038216560509554,913.0,2.9076433121019107,34.65,-118.19,1.268
4.9643,37.0,7.1063829787234045,1.148936170212766,98.0,2.0851063829787235,37.85,-122.24,3.35
1.6452,32.0,4.324705882352941,1.0376470588235294,1628.0,3.8305882352941176,36.06,-119.14,0.415
2.125,52.0,3.6179775280898876,0.9887640449438202,229.0,2.5730337078651684,34.13,-118.25,2.438
2.9083,32.0,5.586056644880174,1.1176470588235294,1198.0,2.610021786492375,37.8,-120.99,1.134
2.6522,35.0,5.01360544217687,0.9897959183673469,709.0,2.4115646258503403,36.79,-119.82,0.659
3.017,31.0,5.036559139784946,0.9440860215053763,1411.0,3.0344086021505374,36.55,-119.38,0.72
3.7589,26.0,5.5537459283387625,1.1205211726384365,1605.0,5.228013029315961,34.97,-120.44,1.137
3.2121,42.0,4.171957671957672,1.0026455026455026,1317.0,3.484126984126984,34.1,-118.19,1.539
3.1667,36.0,5.267175572519084,1.0267175572519085,598.0,2.282442748091603,33.95,-117.39,1.229
3.8681,29.0,5.818181818181818,1.0294117647058822,1117.0,2.986631016042781,38.64,-122.82,1.886
